time,pm2_5,pm10,ozone,carbon_monoxide,nitrogen_dioxide,sulphur_dioxide,temperature_2m,relative_humidity_2m,wind_speed_10m,cloud_cover,precipitation,city,dayofweek,hour,month,hour_sin,hour_cos,month_sin,month_cos,pm2_5_lag_1,pm10_lag_1,pm2_5_lag_6,pm10_lag_6,pm2_5_lag_24,pm10_lag_24,pm2_5_rolling_mean_24h,pm2_5_rolling_std_24h,pm10_rolling_mean_24h,pm10_rolling_std_24h,temp_humidity_interaction,wind_pm25_interaction,predicted_aqi,top_feature_1,top_feature_1_importance,top_feature_2,top_feature_2_importance,top_feature_3,top_feature_3_importance
2025-08-30 19:00:00,54.0,54.2,15.0,1225.0,54.1,9.7,26.31,95.0,4.1,99.0,0.0,2,5,19,8,-0.97,0.26,-0.87,-0.5,0.0,0.0,0.0,0.0,0.0,0.0,54.0,0.0,54.2,0.0,2499.36,221.65,101.91,pm2_5_rolling_mean_24h,29.41,pm10_rolling_mean_24h,5.63,hour_sin,4.99
2025-08-30 20:00:00,56.1,56.3,15.0,946.0,52.0,9.3,26.21,95.0,4.33,100.0,0.0,2,5,20,8,-0.87,0.5,-0.87,-0.5,54.0,54.2,0.0,0.0,0.0,0.0,55.05,1.48,55.25,1.48,2489.86,243.19,102.27,pm2_5_rolling_mean_24h,29.41,pm10_rolling_mean_24h,5.63,hour_sin,4.99
2025-08-30 21:00:00,54.7,54.8,17.0,734.0,48.1,9.0,26.06,95.0,4.33,100.0,0.0,2,5,21,8,-0.71,0.71,-0.87,-0.5,56.1,56.3,0.0,0.0,0.0,0.0,54.93,1.07,55.1,1.08,2475.6,237.12,105.8,pm2_5_rolling_mean_24h,29.41,pm10_rolling_mean_24h,5.63,hour_sin,4.99
2025-08-30 22:00:00,50.3,50.5,23.0,613.0,40.9,8.9,25.96,95.0,3.83,100.0,0.0,2,5,22,8,-0.5,0.87,-0.87,-0.5,54.7,54.8,0.0,0.0,0.0,0.0,53.77,2.48,53.95,2.46,2466.1,192.49,107.91,pm2_5_rolling_mean_24h,29.41,pm10_rolling_mean_24h,5.63,hour_sin,4.99
2025-08-30 23:00:00,47.4,47.6,32.0,559.0,31.8,8.8,25.86,95.0,3.32,100.0,0.0,2,5,23,8,-0.26,0.97,-0.87,-0.5,50.3,50.5,0.0,0.0,0.0,0.0,52.5,3.57,52.68,3.55,2456.61,157.32,104.01,pm2_5_rolling_mean_24h,29.41,pm10_rolling_mean_24h,5.63,hour_sin,4.99
2025-08-31 00:00:00,47.3,47.6,40.0,620.0,25.2,8.4,25.61,95.0,2.74,100.0,0.0,2,6,0,8,0.0,1.0,-0.87,-0.5,47.4,47.6,0.0,0.0,0.0,0.0,51.63,3.83,51.83,3.79,2432.86,129.68,101.95,pm2_5_rolling_mean_24h,29.41,pm10_rolling_mean_24h,5.63,hour_sin,4.99
2025-08-31 01:00:00,48.7,49.0,43.0,908.0,26.3,9.2,25.56,96.0,2.81,100.0,0.0,2,6,1,8,0.26,0.97,-0.87,-0.5,47.3,47.6,54.0,54.2,0.0,0.0,51.21,3.67,51.43,3.63,2453.66,136.93,102.06,pm2_5_rolling_mean_24h,29.41,pm10_rolling_mean_24h,5.63,hour_sin,4.99
2025-08-31 02:00:00,48.5,48.9,48.0,1311.0,27.7,10.2,25.96,94.0,3.71,100.0,0.0,2,6,2,8,0.5,0.87,-0.87,-0.5,48.7,49.0,56.1,56.3,0.0,0.0,50.88,3.53,51.11,3.47,2440.15,179.76,101.99,pm2_5_rolling_mean_24h,29.41,pm10_rolling_mean_24h,5.63,hour_sin,4.99
2025-08-31 03:00:00,42.3,42.5,55.0,1538.0,27.9,10.8,26.46,92.0,5.09,100.0,0.8,2,6,3,8,0.71,0.71,-0.87,-0.5,48.5,48.9,54.7,54.8,0.0,0.0,49.92,4.37,50.16,4.34,2434.23,215.36,99.41,pm2_5_rolling_mean_24h,29.41,pm10_rolling_mean_24h,5.63,hour_sin,4.99
2025-08-31 04:00:00,36.9,37.1,64.0,1418.0,25.6,10.4,27.01,90.0,5.94,100.0,1.2,2,6,4,8,0.87,0.5,-0.87,-0.5,42.3,42.5,50.3,50.5,0.0,0.0,48.62,5.82,48.85,5.81,2430.81,219.09,99.71,pm2_5_rolling_mean_24h,29.41,pm10_rolling_mean_24h,5.63,hour_sin,4.99
2025-08-31 05:00:00,30.4,30.6,75.0,1122.0,22.1,9.5,27.81,86.0,7.09,100.0,0.2,2,6,5,8,0.97,0.26,-0.87,-0.5,36.9,37.1,47.4,47.6,0.0,0.0,46.96,7.79,47.19,7.79,2391.57,215.57,99.31,pm2_5_rolling_mean_24h,29.41,pm10_rolling_mean_24h,5.63,hour_sin,4.99
2025-08-31 06:00:00,27.0,27.2,85.0,878.0,19.3,8.9,26.46,88.0,7.41,100.0,0.8,2,6,6,8,1.0,0.0,-0.87,-0.5,30.4,30.6,47.3,47.6,0.0,0.0,45.3,9.4,45.52,9.4,2328.39,200.15,99.73,pm2_5_rolling_mean_24h,29.41,pm10_rolling_mean_24h,5.63,hour_sin,4.99
2025-08-31 07:00:00,26.2,26.3,97.0,752.0,18.0,9.0,26.41,88.0,8.53,100.0,1.0,2,6,7,8,0.97,-0.26,-0.87,-0.5,27.0,27.2,48.7,49.0,0.0,0.0,43.83,10.44,44.05,10.46,2323.99,223.6,99.15,pm2_5_rolling_mean_24h,29.41,pm10_rolling_mean_24h,5.63,hour_sin,4.99
2025-08-31 08:00:00,26.3,26.4,109.0,678.0,17.5,9.4,26.01,87.0,8.89,100.0,0.3,2,6,8,8,0.87,-0.5,-0.87,-0.5,26.2,26.3,48.5,48.9,0.0,0.0,42.58,11.07,42.79,11.11,2262.78,233.84,95.51,pm2_5_rolling_mean_24h,29.41,pm10_rolling_mean_24h,5.63,hour_sin,4.99
2025-08-31 09:00:00,27.6,27.7,114.0,683.0,17.8,9.8,26.11,86.0,8.43,100.0,0.2,2,6,9,8,0.71,-0.71,-0.87,-0.5,26.3,26.4,42.3,42.5,0.0,0.0,41.58,11.35,41.78,11.39,2245.37,232.6,97.81,pm2_5_rolling_mean_24h,29.41,pm10_rolling_mean_24h,5.63,hour_sin,4.99
2025-08-31 10:00:00,26.3,26.3,110.0,830.0,19.0,9.8,26.96,82.0,7.52,100.0,0.0,2,6,10,8,0.5,-0.87,-0.87,-0.5,27.6,27.7,36.9,37.1,0.0,0.0,40.62,11.61,40.81,11.66,2210.64,197.7,99.28,pm2_5_rolling_mean_24h,29.41,pm10_rolling_mean_24h,5.63,hour_sin,4.99
2025-08-31 11:00:00,24.9,24.9,99.0,1056.0,21.1,9.7,26.46,85.0,9.26,100.0,0.1,2,6,11,8,0.26,-0.97,-0.87,-0.5,26.3,26.3,30.4,30.6,0.0,0.0,39.7,11.87,39.88,11.93,2249.01,230.46,106.09,pm2_5_rolling_mean_24h,29.41,pm10_rolling_mean_24h,5.63,hour_sin,4.99
2025-08-31 12:00:00,26.3,26.3,87.0,1203.0,23.8,10.0,26.01,88.0,7.64,100.0,0.0,2,6,12,8,0.0,-1.0,-0.87,-0.5,24.9,24.9,27.0,27.2,0.0,0.0,38.96,11.94,39.12,12.01,2288.79,200.85,103.33,pm2_5_rolling_mean_24h,29.41,pm10_rolling_mean_24h,5.63,hour_sin,4.99
2025-08-31 13:00:00,29.7,29.8,73.0,1195.0,28.2,11.1,25.71,89.0,7.28,100.0,0.0,2,6,13,8,-0.26,-0.97,-0.87,-0.5,26.3,26.3,26.2,26.3,0.0,0.0,38.47,11.8,38.63,11.87,2288.1,216.23,103.34,pm2_5_rolling_mean_24h,29.41,pm10_rolling_mean_24h,5.63,hour_sin,4.99
2025-08-31 14:00:00,32.1,32.1,57.0,1107.0,33.3,12.5,25.46,90.0,6.12,100.0,0.0,2,6,14,8,-0.5,-0.87,-0.87,-0.5,29.7,29.8,26.3,26.4,0.0,0.0,38.15,11.57,38.3,11.64,2291.31,196.45,102.03,pm2_5_rolling_mean_24h,29.41,pm10_rolling_mean_24h,5.63,hour_sin,4.99
2025-08-31 15:00:00,33.6,33.6,45.0,1012.0,36.1,13.5,25.26,91.0,6.85,100.0,0.5,2,6,15,8,-0.71,-0.71,-0.87,-0.5,32.1,32.1,27.6,27.7,0.0,0.0,37.93,11.32,38.08,11.39,2298.57,230.14,103.01,pm2_5_rolling_mean_24h,29.41,pm10_rolling_mean_24h,5.63,hour_sin,4.99
2025-08-31 16:00:00,34.2,34.2,41.0,933.0,35.0,13.8,25.11,92.0,6.84,100.0,1.1,2,6,16,8,-0.87,-0.5,-0.87,-0.5,33.6,33.6,26.3,26.3,0.0,0.0,37.76,11.08,37.9,11.15,2310.03,233.93,101.53,pm2_5_rolling_mean_24h,29.41,pm10_rolling_mean_24h,5.63,hour_sin,4.99
2025-08-31 17:00:00,34.0,34.1,42.0,847.0,31.5,13.7,25.01,93.0,6.88,100.0,0.0,2,6,17,8,-0.97,-0.26,-0.87,-0.5,34.2,34.2,24.9,24.9,0.0,0.0,37.6,10.85,37.74,10.92,2325.84,233.84,101.83,pm2_5_rolling_mean_24h,29.41,pm10_rolling_mean_24h,5.63,hour_sin,4.99
2025-08-31 18:00:00,33.2,33.2,44.0,751.0,28.1,13.3,24.91,94.0,6.85,100.0,0.0,2,6,18,8,-1.0,-0.0,-0.87,-0.5,34.0,34.1,26.3,26.3,0.0,0.0,37.42,10.65,37.55,10.72,2341.45,227.4,102.77,pm2_5_rolling_mean_24h,29.41,pm10_rolling_mean_24h,5.63,hour_sin,4.99
2025-08-31 19:00:00,31.5,31.7,45.0,634.0,25.3,12.5,24.91,93.0,7.57,100.0,0.0,2,6,19,8,-0.97,0.26,-0.87,-0.5,33.2,33.2,29.7,29.8,54.0,54.2,36.48,10.11,36.61,10.17,2316.54,238.41,102.78,pm2_5_rolling_mean_24h,29.41,pm10_rolling_mean_24h,5.63,hour_sin,4.99
2025-08-31 20:00:00,30.0,30.0,46.0,508.0,22.4,11.4,24.76,93.0,6.57,100.0,2.7,2,6,20,8,-0.87,0.5,-0.87,-0.5,31.5,31.7,32.1,32.1,56.1,56.3,35.39,9.27,35.52,9.34,2302.59,197.08,101.5,pm2_5_rolling_mean_24h,29.41,pm10_rolling_mean_24h,5.63,hour_sin,4.99
2025-08-31 21:00:00,27.8,27.8,48.0,409.0,19.7,10.3,24.66,93.0,5.69,100.0,3.4,2,6,21,8,-0.71,0.71,-0.87,-0.5,30.0,30.0,33.6,33.6,54.7,54.8,34.27,8.42,34.39,8.51,2293.29,158.24,103.28,pm2_5_rolling_mean_24h,29.41,pm10_rolling_mean_24h,5.63,hour_sin,4.99
2025-08-31 22:00:00,24.2,24.2,53.0,335.0,16.6,9.1,24.56,93.0,4.69,100.0,3.2,2,6,22,8,-0.5,0.87,-0.87,-0.5,27.8,27.8,34.2,34.2,50.3,50.5,33.18,7.94,33.3,8.02,2283.99,113.59,103.33,pm2_5_rolling_mean_24h,29.41,pm10_rolling_mean_24h,5.63,hour_sin,4.99
2025-08-31 23:00:00,18.8,18.9,59.0,287.0,13.7,8.0,24.46,93.0,4.9,100.0,3.6,2,6,23,8,-0.26,0.97,-0.87,-0.5,24.2,24.2,34.0,34.1,47.4,47.6,31.99,7.85,32.1,7.94,2274.69,92.05,99.67,pm2_5_rolling_mean_24h,29.41,pm10_rolling_mean_24h,5.63,hour_sin,4.99
2025-09-01 00:00:00,14.6,14.6,63.0,305.0,12.3,7.2,24.41,93.0,4.69,100.0,3.7,2,0,0,9,0.0,1.0,-1.0,-0.0,18.8,18.9,33.2,33.2,47.3,47.6,30.63,7.92,30.72,7.99,2270.04,68.53,96.26,pm2_5_rolling_mean_24h,29.41,pm10_rolling_mean_24h,5.63,hour_sin,4.99
2025-09-01 01:00:00,12.8,12.8,63.0,455.0,14.1,7.2,24.36,93.0,5.19,100.0,2.1,2,0,1,9,0.26,0.97,-1.0,-0.0,14.6,14.6,31.5,31.7,48.7,49.0,29.13,7.75,29.22,7.81,2265.39,66.46,96.17,pm2_5_rolling_mean_24h,29.41,pm10_rolling_mean_24h,5.63,hour_sin,4.99
2025-09-01 02:00:00,13.8,13.8,61.0,671.0,17.4,7.6,24.46,93.0,5.96,100.0,0.5,2,0,2,9,0.5,0.87,-1.0,-0.0,12.8,12.8,30.0,30.0,48.5,48.9,27.69,7.19,27.75,7.23,2274.69,82.24,94.78,pm2_5_rolling_mean_24h,29.41,pm10_rolling_mean_24h,5.63,hour_sin,4.99
2025-09-01 03:00:00,15.7,15.7,63.0,797.0,19.1,7.7,24.66,93.0,6.95,100.0,2.1,2,0,3,9,0.71,0.71,-1.0,-0.0,13.8,13.8,27.8,27.8,42.3,42.5,26.58,6.89,26.64,6.91,2293.29,109.16,94.88,pm2_5_rolling_mean_24h,29.41,pm10_rolling_mean_24h,5.63,hour_sin,4.99
2025-09-01 04:00:00,14.8,14.8,73.0,733.0,17.3,7.3,24.96,92.0,8.76,100.0,1.5,2,0,4,9,0.87,0.5,-1.0,-0.0,15.7,15.7,24.2,24.2,36.9,37.1,25.66,6.92,25.71,6.94,2296.23,129.64,94.88,pm2_5_rolling_mean_24h,29.41,pm10_rolling_mean_24h,5.63,hour_sin,4.99
2025-09-01 05:00:00,15.5,15.5,87.0,579.0,13.8,6.6,25.11,91.0,8.47,100.0,0.8,2,0,5,9,0.97,0.26,-1.0,-0.0,14.8,14.8,18.8,18.9,30.4,30.6,25.04,7.14,25.08,7.16,2284.92,131.34,94.88,pm2_5_rolling_mean_24h,29.41,pm10_rolling_mean_24h,5.63,hour_sin,4.99
2025-09-01 06:00:00,16.7,16.7,98.0,478.0,10.8,6.1,25.26,90.0,9.01,100.0,0.8,2,0,6,9,1.0,0.0,-1.0,-0.0,15.5,15.5,14.6,14.6,27.0,27.2,24.61,7.33,24.64,7.35,2273.31,150.42,94.96,pm2_5_rolling_mean_24h,29.41,pm10_rolling_mean_24h,5.63,hour_sin,4.99
2025-09-01 07:00:00,13.3,13.3,106.0,497.0,8.6,5.9,25.26,89.0,9.01,100.0,0.8,2,0,7,9,0.97,-0.26,-1.0,-0.0,16.7,16.7,12.8,12.8,26.2,26.3,24.07,7.67,24.1,7.69,2248.05,119.8,94.96,pm2_5_rolling_mean_24h,29.41,pm10_rolling_mean_24h,5.63,hour_sin,4.99
2025-09-01 08:00:00,10.2,10.2,111.0,568.0,6.9,5.8,25.26,90.0,9.47,100.0,0.4,2,0,8,9,0.87,-0.5,-1.0,-0.0,13.3,13.3,13.8,13.8,26.3,26.4,23.4,8.16,23.42,8.17,2273.31,96.6,94.91,pm2_5_rolling_mean_24h,29.41,pm10_rolling_mean_24h,5.63,hour_sin,4.99
2025-09-01 09:00:00,8.7,8.7,111.0,633.0,6.6,5.7,25.41,86.0,11.57,100.0,0.1,2,0,9,9,0.71,-0.71,-1.0,-0.0,10.2,10.2,15.7,15.7,27.6,27.7,22.61,8.63,22.63,8.65,2185.17,100.66,94.56,pm2_5_rolling_mean_24h,29.41,pm10_rolling_mean_24h,5.63,hour_sin,4.99
2025-09-01 10:00:00,9.7,9.7,103.0,680.0,8.7,5.4,24.96,88.0,10.46,100.0,0.3,2,0,10,9,0.5,-0.87,-1.0,-0.0,8.7,8.7,14.8,14.8,26.3,26.3,21.92,8.98,21.94,9.0,2196.39,101.51,94.96,pm2_5_rolling_mean_24h,29.41,pm10_rolling_mean_24h,5.63,hour_sin,4.99
2025-09-01 11:00:00,9.1,9.1,91.0,721.0,12.3,5.0,24.81,88.0,9.11,100.0,0.8,2,0,11,9,0.26,-0.97,-1.0,-0.0,9.7,9.7,15.5,15.5,24.9,24.9,21.26,9.33,21.28,9.34,2183.19,82.94,94.85,pm2_5_rolling_mean_24h,29.41,pm10_rolling_mean_24h,5.63,hour_sin,4.99
2025-09-01 12:00:00,8.4,8.4,79.0,733.0,15.7,4.7,24.81,90.0,9.72,100.0,0.2,2,0,12,9,0.0,-1.0,-1.0,-0.0,9.1,9.1,16.7,16.7,26.3,26.3,20.52,9.62,20.54,9.64,2232.81,81.65,94.6,pm2_5_rolling_mean_24h,29.41,pm10_rolling_mean_24h,5.63,hour_sin,4.99
2025-09-01 13:00:00,9.8,9.8,70.0,695.0,18.9,4.5,24.51,90.0,11.04,100.0,0.1,2,0,13,9,-0.26,-0.97,-1.0,-0.0,8.4,8.4,13.3,13.3,29.7,29.8,19.69,9.65,19.7,9.67,2205.81,108.22,94.66,pm2_5_rolling_mean_24h,29.41,pm10_rolling_mean_24h,5.63,hour_sin,4.99
2025-09-01 14:00:00,11.2,11.2,62.0,627.0,21.9,4.3,24.16,91.0,8.09,98.0,0.2,2,0,14,9,-0.5,-0.87,-1.0,-0.0,9.8,9.8,10.2,10.2,32.1,32.1,18.82,9.42,18.83,9.44,2198.47,90.61,105.38,pm2_5_rolling_mean_24h,29.41,pm10_rolling_mean_24h,5.63,hour_sin,4.99
2025-09-01 15:00:00,11.0,11.0,58.0,567.0,23.3,4.2,24.16,91.0,6.03,98.0,0.0,2,0,15,9,-0.71,-0.71,-1.0,-0.0,11.2,11.2,8.7,8.7,33.6,33.6,17.88,9.0,17.89,9.02,2198.47,66.38,106.33,pm2_5_rolling_mean_24h,29.41,pm10_rolling_mean_24h,5.63,hour_sin,4.99
2025-09-01 16:00:00,10.5,10.5,60.0,533.0,21.8,4.0,24.11,91.0,5.51,94.0,0.0,2,0,16,9,-0.87,-0.5,-1.0,-0.0,11.0,11.0,9.7,9.7,34.2,34.2,16.89,8.41,16.9,8.44,2193.92,57.82,104.55,pm2_5_rolling_mean_24h,29.41,pm10_rolling_mean_24h,5.63,hour_sin,4.99
2025-09-01 17:00:00,10.1,10.1,65.0,507.0,18.6,3.9,24.01,92.0,4.39,92.0,0.0,2,0,17,9,-0.97,-0.26,-1.0,-0.0,10.5,10.5,9.1,9.1,34.0,34.1,15.89,7.68,15.9,7.7,2208.83,44.38,106.2,pm2_5_rolling_mean_24h,29.41,pm10_rolling_mean_24h,5.63,hour_sin,4.99
2025-09-01 18:00:00,10.7,10.7,69.0,475.0,15.8,4.2,23.91,93.0,3.32,92.0,0.0,2,0,18,9,-1.0,-0.0,-1.0,-0.0,10.1,10.1,8.4,8.4,33.2,33.2,14.95,6.8,14.97,6.82,2223.54,35.51,107.32,pm2_5_rolling_mean_24h,29.41,pm10_rolling_mean_24h,5.63,hour_sin,4.99
2025-09-01 19:00:00,11.5,11.5,71.0,424.0,14.1,5.4,23.76,93.0,3.6,92.0,0.0,2,0,19,9,-0.97,0.26,-1.0,-0.0,10.7,10.7,9.8,9.8,31.5,31.7,14.12,5.84,14.13,5.84,2209.59,41.4,107.36,pm2_5_rolling_mean_24h,29.41,pm10_rolling_mean_24h,5.63,hour_sin,4.99
2025-09-01 20:00:00,12.2,12.2,71.0,368.0,12.7,7.1,23.56,94.0,4.32,83.0,0.0,2,0,20,9,-0.87,0.5,-1.0,-0.0,11.5,11.5,11.2,11.2,30.0,30.0,13.38,4.77,13.38,4.77,2214.55,52.7,106.47,pm2_5_rolling_mean_24h,29.41,pm10_rolling_mean_24h,5.63,hour_sin,4.99
2025-09-01 21:00:00,11.8,11.9,71.0,330.0,11.8,8.4,23.36,95.0,4.33,77.0,0.0,2,0,21,9,-0.71,0.71,-1.0,-0.0,12.2,12.2,11.0,11.0,27.8,27.8,12.71,3.65,12.72,3.66,2219.11,51.15,108.85,pm2_5_rolling_mean_24h,29.41,pm10_rolling_mean_24h,5.63,hour_sin,4.99
2025-09-01 22:00:00,12.2,12.2,70.0,305.0,11.2,9.0,23.31,95.0,4.68,84.0,0.0,2,0,22,9,-0.5,0.87,-1.0,-0.0,11.8,11.9,10.5,10.5,24.2,24.2,12.21,2.71,12.22,2.72,2214.36,57.1,108.37,pm2_5_rolling_mean_24h,29.41,pm10_rolling_mean_24h,5.63,hour_sin,4.99
2025-09-01 23:00:00,12.3,12.3,69.0,299.0,11.0,9.2,23.31,94.0,5.05,91.0,0.0,2,0,23,9,-0.26,0.97,-1.0,-0.0,12.2,12.2,10.1,10.1,18.8,18.9,11.94,2.32,11.95,2.32,2191.05,62.15,100.68,pm2_5_rolling_mean_24h,29.41,pm10_rolling_mean_24h,5.63,hour_sin,4.99
2025-09-02 00:00:00,12.7,12.7,66.0,355.0,12.0,9.2,23.41,94.0,3.98,98.0,0.0,2,1,0,9,0.0,1.0,-1.0,-0.0,12.3,12.3,10.7,10.7,14.6,14.6,11.86,2.25,11.87,2.25,2200.45,50.5,96.26,pm2_5_rolling_mean_24h,29.41,pm10_rolling_mean_24h,5.63,hour_sin,4.99
2025-09-02 01:00:00,13.8,13.9,61.0,546.0,15.4,9.0,23.51,94.0,3.67,98.0,0.0,2,1,1,9,0.26,0.97,-1.0,-0.0,12.7,12.7,11.5,11.5,12.8,12.8,11.9,2.28,11.91,2.28,2209.85,50.66,96.17,pm2_5_rolling_mean_24h,29.41,pm10_rolling_mean_24h,5.63,hour_sin,4.99
2025-09-02 02:00:00,15.5,15.5,56.0,800.0,20.0,8.7,23.71,93.0,4.35,98.0,0.0,2,1,2,9,0.5,0.87,-1.0,-0.0,13.8,13.9,12.2,12.2,13.8,13.8,11.98,2.37,11.98,2.37,2204.94,67.42,96.23,pm2_5_rolling_mean_24h,29.41,pm10_rolling_mean_24h,5.63,hour_sin,4.99
2025-09-02 03:00:00,14.4,14.4,52.0,939.0,22.5,8.2,24.11,91.0,4.9,100.0,0.0,2,1,3,9,0.71,0.71,-1.0,-0.0,15.5,15.5,11.8,11.9,15.7,15.7,11.92,2.29,11.93,2.29,2193.92,70.51,96.23,pm2_5_rolling_mean_24h,29.41,pm10_rolling_mean_24h,5.63,hour_sin,4.99
2025-09-02 04:00:00,14.4,14.4,52.0,849.0,20.8,7.6,24.56,88.0,7.29,100.0,0.0,2,1,4,9,0.87,0.5,-1.0,-0.0,14.4,14.4,12.2,12.2,14.8,14.8,11.9,2.27,11.91,2.27,2161.19,104.97,94.88,pm2_5_rolling_mean_24h,29.41,pm10_rolling_mean_24h,5.63,hour_sin,4.99
2025-09-02 05:00:00,13.0,13.1,54.0,646.0,17.0,6.8,24.56,82.0,8.23,99.0,0.0,2,1,5,9,0.97,0.26,-1.0,-0.0,14.4,14.4,12.3,12.3,15.5,15.5,11.8,2.15,11.81,2.16,2013.84,106.93,94.47,pm2_5_rolling_mean_24h,29.41,pm10_rolling_mean_24h,5.63,hour_sin,4.99
2025-09-02 06:00:00,13.0,13.0,58.0,498.0,14.0,6.2,24.66,80.0,9.2,99.0,0.0,2,1,6,9,1.0,0.0,-1.0,-0.0,13.0,13.1,12.7,12.7,16.7,16.7,11.65,1.9,11.66,1.91,1972.72,119.59,94.6,pm2_5_rolling_mean_24h,29.41,pm10_rolling_mean_24h,5.63,hour_sin,4.99
2025-09-02 07:00:00,13.7,13.7,66.0,469.0,12.4,5.9,24.01,81.0,10.81,100.0,0.0,2,1,7,9,0.97,-0.26,-1.0,-0.0,13.0,13.0,13.8,13.9,13.3,13.3,11.66,1.92,11.67,1.93,1944.73,148.04,94.6,pm2_5_rolling_mean_24h,29.41,pm10_rolling_mean_24h,5.63,hour_sin,4.99
2025-09-02 08:00:00,13.6,13.6,77.0,496.0,11.6,5.8,23.66,86.0,10.0,100.0,0.0,2,1,8,9,0.87,-0.5,-1.0,-0.0,13.7,13.7,15.5,15.5,10.2,10.2,11.8,1.93,11.82,1.94,2034.67,136.03,94.56,pm2_5_rolling_mean_24h,29.41,pm10_rolling_mean_24h,5.63,hour_sin,4.99
2025-09-02 09:00:00,13.0,13.0,83.0,561.0,12.1,5.7,23.66,88.0,9.69,100.0,0.0,2,1,9,9,0.71,-0.71,-1.0,-0.0,13.6,13.6,14.4,14.4,8.7,8.7,11.98,1.83,12.0,1.84,2081.99,126.01,94.96,pm2_5_rolling_mean_24h,29.41,pm10_rolling_mean_24h,5.63,hour_sin,4.99
2025-09-02 10:00:00,13.8,13.8,82.0,685.0,14.7,5.5,23.61,88.0,9.2,99.0,0.0,2,1,10,9,0.5,-0.87,-1.0,-0.0,13.0,13.0,14.4,14.4,9.7,9.7,12.15,1.8,12.17,1.8,2077.59,126.95,94.96,pm2_5_rolling_mean_24h,29.41,pm10_rolling_mean_24h,5.63,hour_sin,4.99
2025-09-02 11:00:00,13.6,13.6,77.0,847.0,18.7,5.4,23.56,88.0,8.71,100.0,0.0,2,1,11,9,0.26,-0.97,-1.0,-0.0,13.8,13.8,13.0,13.1,9.1,9.1,12.34,1.7,12.35,1.7,2073.19,118.42,94.81,pm2_5_rolling_mean_24h,29.41,pm10_rolling_mean_24h,5.63,hour_sin,4.99
2025-09-02 12:00:00,15.2,15.2,72.0,964.0,22.6,5.4,23.31,90.0,9.51,100.0,0.0,2,1,12,9,0.0,-1.0,-1.0,-0.0,13.6,13.6,13.0,13.0,8.4,8.4,12.62,1.58,12.64,1.58,2097.81,144.57,94.65,pm2_5_rolling_mean_24h,29.41,pm10_rolling_mean_24h,5.63,hour_sin,4.99
2025-09-02 13:00:00,16.8,16.8,66.0,1006.0,26.5,5.6,23.06,90.0,10.31,100.0,0.1,2,1,13,9,-0.26,-0.97,-1.0,-0.0,15.2,15.2,13.7,13.7,9.8,9.8,12.92,1.67,12.93,1.67,2075.31,173.19,94.66,pm2_5_rolling_mean_24h,29.41,pm10_rolling_mean_24h,5.63,hour_sin,4.99
2025-09-02 14:00:00,18.1,18.1,60.0,1003.0,30.4,5.9,22.86,89.0,9.35,100.0,0.0,2,1,14,9,-0.5,-0.87,-1.0,-0.0,16.8,16.8,13.6,13.6,11.2,11.2,13.2,1.94,13.22,1.94,2034.45,169.17,105.52,pm2_5_rolling_mean_24h,29.41,pm10_rolling_mean_24h,5.63,hour_sin,4.99
2025-09-02 15:00:00,19.4,19.4,56.0,957.0,32.2,6.3,22.81,89.0,8.21,100.0,0.0,2,1,15,9,-0.71,-0.71,-1.0,-0.0,18.1,18.1,13.0,13.0,11.0,11.0,13.55,2.26,13.57,2.25,2030.0,159.26,106.65,pm2_5_rolling_mean_24h,29.41,pm10_rolling_mean_24h,5.63,hour_sin,4.99
2025-09-02 16:00:00,21.6,21.7,56.0,849.0,30.7,6.6,22.81,88.0,7.52,98.0,0.0,2,1,16,9,-0.87,-0.5,-1.0,-0.0,19.4,19.4,13.8,13.8,10.5,10.5,14.02,2.7,14.03,2.7,2007.19,162.37,104.2,pm2_5_rolling_mean_24h,29.41,pm10_rolling_mean_24h,5.63,hour_sin,4.99
2025-09-02 17:00:00,21.5,21.6,58.0,697.0,27.2,7.0,22.81,88.0,6.62,95.0,0.0,2,1,17,9,-0.97,-0.26,-1.0,-0.0,21.6,21.7,13.6,13.6,10.1,10.1,14.49,2.97,14.51,2.98,2007.19,142.3,105.17,pm2_5_rolling_mean_24h,29.41,pm10_rolling_mean_24h,5.63,hour_sin,4.99
2025-09-02 18:00:00,21.8,21.9,59.0,565.0,23.9,7.3,22.76,87.0,6.3,92.0,0.0,2,1,18,9,-1.0,-0.0,-1.0,-0.0,21.5,21.6,15.2,15.2,10.7,10.7,14.95,3.21,14.98,3.23,1980.03,137.28,106.06,pm2_5_rolling_mean_24h,29.41,pm10_rolling_mean_24h,5.63,hour_sin,4.99
