time,pm10,pm2_5,ozone,carbon_monoxide,nitrogen_dioxide,sulphur_dioxide,temperature_2m,relative_humidity_2m,wind_speed_10m,cloud_cover,precipitation,dayofweek,hour,month,city,predicted_us_aqi
2025-08-11 00:00:00,42.4,20.0,39.0,196.0,12.7,8.7,27.9,83,17.1,72,0.0,0,0,8,0,58.05559563025072
2025-08-11 01:00:00,39.5,18.6,42.0,162.0,9.7,7.7,27.9,82,18.2,86,0.0,0,1,8,0,57.70309841069703
2025-08-11 02:00:00,37.4,17.2,44.0,137.0,7.3,6.9,27.6,83,19.6,77,0.0,0,2,8,0,57.280793863163254
2025-08-11 03:00:00,35.9,16.2,45.0,123.0,6.1,6.4,27.4,85,18.1,65,0.0,0,3,8,0,58.33449253361626
2025-08-11 04:00:00,35.2,15.6,44.0,118.0,5.6,6.1,27.4,83,18.2,68,0.0,0,4,8,0,58.37085006502689
2025-08-11 05:00:00,34.9,15.4,44.0,131.0,5.7,6.3,27.5,83,18.2,60,0.0,0,5,8,0,58.52759701787169
2025-08-11 06:00:00,35.9,15.8,42.0,181.0,7.0,7.3,27.5,83,18.3,79,0.0,0,6,8,0,58.69592732057922
2025-08-11 07:00:00,39.3,17.6,41.0,250.0,8.9,8.8,27.7,82,19.0,82,0.0,0,7,8,0,59.59650096086777
2025-08-11 08:00:00,47.3,18.9,41.0,291.0,9.8,10.0,28.0,80,22.9,80,0.0,0,8,8,0,59.00505970124816
2025-08-11 09:00:00,50.3,19.2,46.0,278.0,8.5,10.7,28.5,76,23.7,72,0.0,0,9,8,0,59.879565136239236
2025-08-11 10:00:00,52.0,19.4,53.0,238.0,6.2,11.1,29.3,72,25.2,82,0.0,0,10,8,0,60.083814317183894
2025-08-11 11:00:00,53.7,19.9,59.0,208.0,4.4,11.3,29.7,70,26.2,80,0.0,0,11,8,0,61.1506455828724
2025-08-11 12:00:00,56.9,20.8,62.0,203.0,3.8,11.3,30.2,68,26.5,79,0.0,0,12,8,0,62.51176375422732
2025-08-11 13:00:00,55.4,20.5,63.0,208.0,3.7,11.0,30.5,67,27.3,79,0.0,0,13,8,0,62.216617653128125
2025-08-11 14:00:00,54.8,20.5,62.0,217.0,4.0,10.8,30.6,66,27.8,75,0.0,0,14,8,0,62.22148853612288
2025-08-11 15:00:00,54.4,20.4,60.0,231.0,4.4,10.7,30.2,69,28.2,67,0.0,0,15,8,0,62.38924554698394
2025-08-11 16:00:00,52.3,20.1,56.0,249.0,5.2,10.6,30.1,68,27.5,55,0.0,0,16,8,0,62.34383340060077
2025-08-11 17:00:00,52.4,20.0,51.0,265.0,6.8,10.6,29.9,68,28.2,80,0.0,0,17,8,0,61.64448493297951
2025-08-11 18:00:00,51.1,20.0,45.0,281.0,10.0,10.9,28.9,74,28.0,67,0.0,0,18,8,0,61.66003827731089
2025-08-11 19:00:00,49.1,20.0,39.0,295.0,14.0,11.2,28.3,77,25.6,78,0.0,0,19,8,0,62.53432240677729
2025-08-11 20:00:00,47.5,21.1,35.0,297.0,16.5,11.3,28.1,78,25.4,84,0.0,0,20,8,0,62.91910504101125
2025-08-11 21:00:00,42.8,20.0,34.0,280.0,16.4,10.9,27.9,79,23.5,100,0.0,0,21,8,0,63.31005267225056
2025-08-11 22:00:00,40.2,19.2,36.0,252.0,14.9,10.1,27.9,80,21.1,100,0.0,0,22,8,0,64.95920314583897
2025-08-11 23:00:00,39.2,18.9,38.0,222.0,13.0,9.3,27.8,79,21.7,100,0.0,0,23,8,0,65.69368724875902
2025-08-12 00:00:00,38.2,18.2,40.0,191.0,10.7,8.4,27.6,80,24.0,100,0.0,1,0,8,0,54.43942512393597
2025-08-12 01:00:00,36.8,17.3,42.0,159.0,8.1,7.5,27.6,80,25.3,100,0.0,1,1,8,0,54.1161824699873
2025-08-12 02:00:00,35.3,16.5,44.0,136.0,6.1,6.8,27.4,81,26.3,100,0.0,1,2,8,0,54.195470238858
2025-08-12 03:00:00,34.0,15.9,45.0,124.0,5.1,6.3,27.3,81,26.6,89,0.0,1,3,8,0,54.52668457774447
2025-08-12 04:00:00,33.6,15.8,44.0,120.0,4.7,6.0,27.3,82,26.1,71,0.0,1,4,8,0,55.000824594406375
2025-08-12 05:00:00,32.9,15.8,44.0,132.0,5.0,6.2,27.3,82,24.7,90,0.0,1,5,8,0,56.19937285382244
2025-08-12 06:00:00,32.9,15.9,43.0,173.0,6.4,7.1,27.2,82,24.2,99,0.0,1,6,8,0,56.783115393073565
2025-08-12 07:00:00,36.1,17.2,42.0,229.0,8.4,8.5,27.4,82,24.1,93,0.0,1,7,8,0,57.680138972058145
2025-08-12 08:00:00,38.6,17.6,42.0,263.0,9.4,9.6,27.9,79,25.2,86,0.0,1,8,8,0,57.26358406114204
2025-08-12 09:00:00,42.3,18.0,45.0,252.0,8.4,10.2,28.5,77,26.8,99,0.0,1,9,8,0,57.08349888047789
2025-08-12 10:00:00,42.6,17.6,51.0,218.0,6.3,10.6,29.1,74,28.6,63,0.0,1,10,8,0,56.587378211411306
2025-08-12 11:00:00,45.1,18.3,55.0,193.0,4.7,10.8,29.6,72,29.3,56,0.0,1,11,8,0,57.475780092417764
2025-08-12 12:00:00,44.5,18.4,58.0,189.0,3.9,10.7,30.1,69,30.1,59,0.0,1,12,8,0,57.71408223552716
2025-08-12 13:00:00,44.2,18.7,61.0,193.0,3.6,10.3,30.3,69,29.6,86,0.0,1,13,8,0,59.27599078601382
2025-08-12 14:00:00,45.9,19.4,62.0,202.0,3.7,10.1,30.5,68,29.3,89,0.0,1,14,8,0,60.78844629511214
2025-08-12 15:00:00,45.6,19.9,60.0,216.0,4.4,10.1,30.2,70,27.1,97,0.0,1,15,8,0,62.7596489996355
2025-08-12 16:00:00,44.4,19.4,55.0,234.0,5.6,10.3,30.0,71,27.2,100,0.0,1,16,8,0,61.80594871653109
2025-08-12 17:00:00,41.1,18.3,51.0,254.0,7.2,10.4,29.6,72,26.5,100,0.0,1,17,8,0,61.288929615393165
2025-08-12 18:00:00,38.9,17.9,46.0,277.0,9.7,10.6,29.0,74,25.2,100,0.0,1,18,8,0,61.665024981370294
2025-08-12 19:00:00,37.0,17.8,41.0,302.0,12.5,10.7,28.4,78,23.4,100,0.0,1,19,8,0,62.44621473356626
2025-08-12 20:00:00,35.6,18.0,38.0,315.0,14.5,10.8,28.1,79,21.7,100,0.0,1,20,8,0,63.61482092891783
2025-08-12 21:00:00,36.4,18.9,37.0,314.0,15.0,10.8,28.0,80,20.8,100,0.0,1,21,8,0,65.13168707438541
2025-08-12 22:00:00,38.9,19.6,37.0,301.0,14.6,10.6,27.9,81,21.1,100,0.0,1,22,8,0,66.2756176756343
2025-08-12 23:00:00,37.7,19.3,38.0,278.0,13.5,10.2,27.8,82,20.8,100,0.0,1,23,8,0,66.93553951185103
2025-08-13 00:00:00,35.6,18.5,39.0,235.0,11.4,9.3,27.6,83,20.5,100,0.0,2,0,8,0,56.688382771803234
2025-08-13 01:00:00,33.9,17.5,41.0,181.0,8.7,8.1,27.6,83,19.7,100,0.0,2,1,8,0,57.49960673296465
2025-08-13 02:00:00,31.8,16.3,43.0,142.0,6.6,7.3,27.6,83,20.3,100,0.0,2,2,8,0,57.21142434044841
2025-08-13 03:00:00,31.7,15.8,44.0,126.0,5.5,6.9,27.6,83,20.3,100,0.0,2,3,8,0,57.692937130938944
2025-08-13 04:00:00,33.2,15.9,44.0,125.0,5.1,6.8,27.6,83,18.8,100,0.0,2,4,8,0,59.35164346296887
2025-08-13 05:00:00,35.0,16.4,44.0,142.0,5.5,7.2,27.6,84,17.7,100,0.0,2,5,8,0,60.84145030671641
2025-08-13 06:00:00,38.1,17.6,43.0,195.0,7.5,8.2,27.6,84,15.5,100,0.0,2,6,8,0,63.39001886816566
2025-08-13 07:00:00,40.7,19.0,41.0,267.0,10.3,9.6,27.7,83,14.3,100,0.0,2,7,8,0,65.05380629627992
2025-08-13 08:00:00,44.2,20.1,42.0,310.0,11.7,10.9,28.1,81,15.4,100,0.0,2,8,8,0,65.45927232239366
2025-08-13 09:00:00,49.0,21.8,47.0,297.0,10.5,12.0,28.8,77,16.4,100,0.0,2,9,8,0,66.81229378355135
2025-08-13 10:00:00,48.8,21.7,54.0,256.0,7.9,12.9,29.2,75,18.3,95,0.0,2,10,8,0,66.50596710649131
2025-08-13 11:00:00,49.2,21.9,60.0,225.0,5.9,13.5,29.7,73,19.0,97,0.0,2,11,8,0,67.0175833993493
2025-08-13 12:00:00,50.1,22.8,64.0,218.0,5.3,13.5,30.1,72,20.0,81,0.0,2,12,8,0,67.96525872617492
2025-08-13 13:00:00,50.6,23.5,67.0,222.0,5.2,13.2,30.2,72,19.0,93,0.0,2,13,8,0,70.27850018846254
2025-08-13 14:00:00,50.6,23.4,68.0,234.0,5.6,13.0,30.3,72,18.4,91,0.0,2,14,8,0,71.3299801031524
2025-08-13 15:00:00,50.9,23.2,66.0,260.0,6.1,13.2,30.1,72,17.4,93,0.0,2,15,8,0,72.23459500422618
2025-08-13 16:00:00,50.4,22.9,62.0,294.0,6.9,13.6,29.9,74,16.8,88,0.0,2,16,8,0,72.04306974664354
2025-08-13 17:00:00,49.9,22.9,57.0,319.0,8.9,14.0,29.5,76,17.7,90,0.0,2,17,8,0,71.19203709766354
2025-08-13 18:00:00,49.1,22.3,50.0,327.0,13.1,14.4,29.0,78,18.7,100,0.0,2,18,8,0,69.45899606125994
2025-08-13 19:00:00,48.0,21.8,41.0,327.0,18.3,14.7,28.5,81,19.3,100,0.0,2,19,8,0,67.44008736557123
2025-08-13 20:00:00,44.4,22.0,35.0,323.0,22.0,14.8,28.1,83,17.1,100,0.0,2,20,8,0,67.89435116533875
2025-08-13 21:00:00,44.0,22.0,32.0,320.0,23.0,14.7,28.0,84,14.7,100,0.0,2,21,8,0,69.14591594291909
2025-08-13 22:00:00,44.1,21.9,32.0,313.0,22.4,14.3,28.0,84,11.9,98,0.0,2,22,8,0,71.38089555494471
2025-08-13 23:00:00,43.3,21.5,32.0,300.0,21.0,13.7,28.0,84,9.4,100,0.0,2,23,8,0,73.19289750416864
2025-08-11 00:00:00,132.7,100.8,13.0,2055.0,104.5,16.4,27.5,94,3.0,63,0.0,0,0,8,1,144.27348604509584
2025-08-11 01:00:00,113.6,89.6,26.0,1273.0,81.0,13.5,27.4,94,4.0,62,0.0,0,1,8,1,133.7002325474119
2025-08-11 02:00:00,99.0,77.5,39.0,684.0,60.3,11.3,27.3,94,5.4,63,0.0,0,2,8,1,123.86819387930927
2025-08-11 03:00:00,89.2,68.5,50.0,446.0,44.9,10.1,27.2,91,6.5,52,0.0,0,3,8,1,118.55759097013403
2025-08-11 04:00:00,85.0,62.9,62.0,401.0,32.2,9.6,27.0,89,6.6,67,0.0,0,4,8,1,117.97653164797661
2025-08-11 05:00:00,82.4,58.7,74.0,440.0,23.2,9.6,26.9,89,3.8,71,0.0,0,5,8,1,120.20175799157452
2025-08-11 06:00:00,85.0,58.0,84.0,587.0,19.7,10.1,26.8,90,1.1,76,0.1,0,6,8,1,124.92627548421626
2025-08-11 07:00:00,84.5,56.7,95.0,817.0,20.0,11.2,27.2,88,0.7,76,0.4,0,7,8,1,126.96715071622408
2025-08-11 08:00:00,85.0,51.9,109.0,953.0,19.2,12.8,28.0,85,3.1,77,0.4,0,8,8,1,125.42960620343842
2025-08-11 09:00:00,80.3,50.6,131.0,896.0,15.1,15.4,29.4,79,4.1,84,0.0,0,9,8,1,126.84167975481225
2025-08-11 10:00:00,80.8,50.3,157.0,743.0,10.1,18.5,30.5,75,3.9,66,0.0,0,10,8,1,129.26946908444623
2025-08-11 11:00:00,87.3,51.2,176.0,612.0,6.3,20.4,31.8,71,2.6,67,0.0,0,11,8,1,132.72355601767305
2025-08-11 12:00:00,87.5,50.1,184.0,536.0,4.7,20.2,32.9,66,3.8,60,0.0,0,12,8,1,132.03685030258794
2025-08-11 13:00:00,84.3,50.1,184.0,480.0,4.4,18.9,33.6,64,6.6,72,0.0,0,13,8,1,129.91113244547785
2025-08-11 14:00:00,82.9,50.1,183.0,460.0,5.0,17.8,33.6,65,7.7,88,0.1,0,14,8,1,129.4074510891574
2025-08-11 15:00:00,81.7,49.5,184.0,411.0,3.9,17.5,33.9,63,8.4,98,0.0,0,15,8,1,129.03115194983647
2025-08-11 16:00:00,80.1,50.1,183.0,398.0,3.7,17.5,34.1,60,7.1,98,0.0,0,16,8,1,130.11529533591047
2025-08-11 17:00:00,81.3,50.9,170.0,627.0,12.2,17.5,33.9,59,6.5,66,0.0,0,17,8,1,130.68578365531025
2025-08-11 18:00:00,85.4,54.9,132.0,1413.0,39.0,17.6,33.4,60,5.1,39,0.0,0,18,8,1,132.60789315135384
2025-08-11 19:00:00,108.5,76.6,82.0,2442.0,74.3,17.7,32.1,69,2.5,80,0.0,0,19,8,1,148.35148654852003
2025-08-11 20:00:00,105.5,76.8,45.0,2972.0,97.0,17.4,30.8,76,3.6,28,0.0,0,20,8,1,144.8035669107312
2025-08-11 21:00:00,97.1,72.2,35.0,2526.0,95.6,16.3,29.9,80,4.3,66,0.0,0,21,8,1,137.07393754058467
2025-08-11 22:00:00,96.9,72.9,39.0,1583.0,81.5,14.8,29.6,80,5.6,100,0.0,0,22,8,1,132.72605976716034
2025-08-11 23:00:00,96.9,73.6,45.0,831.0,67.4,13.3,29.2,82,6.3,100,0.0,0,23,8,1,130.51021477886061
2025-08-12 00:00:00,92.0,70.3,49.0,552.0,56.7,12.0,28.9,85,6.7,100,0.0,1,0,8,1,117.05263974170748
2025-08-12 01:00:00,87.3,66.4,55.0,466.0,46.0,10.8,28.7,85,6.8,100,0.0,1,1,8,1,116.03216526438626
2025-08-12 02:00:00,85.0,63.8,59.0,422.0,37.3,9.8,28.7,84,7.4,100,0.0,1,2,8,1,115.37588608022378
2025-08-12 03:00:00,83.6,61.9,59.0,368.0,31.7,9.0,28.4,85,9.5,100,0.0,1,3,8,1,113.60605052923974
2025-08-12 04:00:00,82.0,60.5,57.0,356.0,28.2,8.3,28.1,85,9.2,93,0.0,1,4,8,1,113.42592876986058
2025-08-12 05:00:00,80.6,59.5,61.0,388.0,25.8,8.2,27.9,85,6.7,100,0.0,1,5,8,1,116.0470983636016
2025-08-12 06:00:00,69.8,52.5,73.0,499.0,25.2,8.7,27.7,85,5.2,100,0.0,1,6,8,1,115.19445669712745
2025-08-12 07:00:00,67.1,51.3,90.0,655.0,25.7,9.7,28.2,83,3.5,100,0.0,1,7,8,1,119.49694488390412
2025-08-12 08:00:00,73.6,50.2,110.0,756.0,24.5,11.3,29.2,78,4.0,100,0.0,1,8,8,1,123.2043611177183
2025-08-12 09:00:00,77.5,50.5,136.0,752.0,19.3,14.2,30.0,75,6.5,74,0.0,1,9,8,1,126.36067186879923
2025-08-12 10:00:00,83.1,50.9,165.0,693.0,12.4,17.7,30.8,73,5.9,100,0.0,1,10,8,1,131.4773343991587
2025-08-12 11:00:00,87.3,51.2,186.0,629.0,7.1,19.6,31.7,69,6.1,100,0.0,1,11,8,1,134.91016427725782
2025-08-12 12:00:00,85.2,50.5,193.0,562.0,4.6,18.5,32.9,64,5.6,78,0.0,1,12,8,1,135.3382577137004
2025-08-12 13:00:00,85.7,51.9,192.0,491.0,3.6,15.7,34.0,60,5.5,37,0.0,1,13,8,1,136.30136777521727
2025-08-12 14:00:00,84.3,51.3,186.0,462.0,4.5,13.5,34.8,58,6.2,41,0.0,1,14,8,1,134.3804238631835
2025-08-12 15:00:00,86.6,54.4,177.0,510.0,7.1,12.6,34.9,57,9.0,95,0.0,1,15,8,1,134.18449991589534
2025-08-12 16:00:00,83.6,53.4,165.0,600.0,11.5,12.2,34.4,58,14.1,100,0.0,1,16,8,1,129.45681636322908
2025-08-12 17:00:00,76.6,52.9,148.0,674.0,17.7,11.7,31.7,70,16.9,100,0.1,1,17,8,1,126.74073962599502
2025-08-12 18:00:00,72.6,53.0,125.0,711.0,27.4,11.0,30.8,74,17.2,100,0.0,1,18,8,1,123.34262293213683
2025-08-12 19:00:00,67.3,53.2,97.0,731.0,38.8,10.3,29.7,77,16.5,100,0.0,1,19,8,1,119.26541415668403
2025-08-12 20:00:00,68.2,54.8,75.0,739.0,47.3,9.6,29.0,81,14.9,100,0.0,1,20,8,1,117.94524502796187
2025-08-12 21:00:00,65.4,53.4,62.0,739.0,50.4,9.0,28.6,82,14.2,100,0.0,1,21,8,1,115.4621951108203
2025-08-12 22:00:00,63.8,52.0,54.0,727.0,50.5,8.4,28.3,83,13.0,100,0.0,1,22,8,1,114.3093171814155
2025-08-12 23:00:00,63.6,52.2,48.0,690.0,49.6,7.8,28.1,85,11.5,100,0.0,1,23,8,1,114.55981602301698
2025-08-13 00:00:00,62.2,51.0,43.0,606.0,48.3,7.2,28.0,85,11.3,100,0.0,2,0,8,1,102.19629798736443
2025-08-13 01:00:00,61.5,49.9,39.0,498.0,46.1,6.6,27.7,86,11.8,100,0.1,2,1,8,1,100.28251661139768
2025-08-13 02:00:00,62.6,49.9,37.0,415.0,43.4,6.1,27.6,86,9.6,89,0.0,2,2,8,1,101.85518677266515
2025-08-13 03:00:00,64.5,50.4,35.0,372.0,40.2,5.7,27.4,87,8.8,100,0.2,2,3,8,1,102.37671740358813
2025-08-13 04:00:00,67.5,51.2,34.0,356.0,36.5,5.4,27.0,89,8.1,100,2.4,2,4,8,1,97.57902931027476
2025-08-13 05:00:00,74.0,54.1,41.0,375.0,32.6,5.9,26.6,91,8.6,100,2.4,2,5,8,1,102.30334405065778
2025-08-13 06:00:00,82.0,58.0,61.0,460.0,28.4,7.5,26.3,92,8.9,100,2.4,2,6,8,1,110.79320920093042
2025-08-13 07:00:00,95.0,59.6,88.0,580.0,24.0,9.9,26.1,92,9.7,100,2.1,2,7,8,1,120.44328349153123
2025-08-13 08:00:00,103.1,59.3,115.0,656.0,19.6,12.3,26.3,91,12.0,100,1.3,2,8,8,1,128.11227404369376
2025-08-13 09:00:00,111.1,59.8,141.0,644.0,15.0,14.9,26.6,90,12.2,100,0.1,2,9,8,1,137.6362103627383
2025-08-13 10:00:00,115.0,58.8,167.0,587.0,10.5,17.6,27.3,86,13.1,100,0.0,2,10,8,1,141.19875650047234
2025-08-13 11:00:00,115.7,58.1,186.0,540.0,7.1,19.2,27.6,85,11.6,100,0.7,2,11,8,1,142.8734076836711
2025-08-13 12:00:00,110.8,56.5,196.0,518.0,5.2,19.1,28.3,82,11.2,100,0.2,2,12,8,1,144.91855989231593
2025-08-13 13:00:00,105.5,54.4,200.0,505.0,4.5,18.0,28.8,80,10.7,100,0.0,2,13,8,1,145.16099999569434
2025-08-13 14:00:00,99.2,51.2,199.0,507.0,4.9,17.0,29.2,78,11.4,100,0.0,2,14,8,1,142.31395941952425
2025-08-13 15:00:00,93.4,49.8,195.0,521.0,5.3,16.6,29.4,75,11.9,100,0.0,2,15,8,1,140.2594863340328
2025-08-13 16:00:00,88.7,47.5,186.0,549.0,6.9,16.4,29.6,74,11.1,100,0.0,2,16,8,1,137.181432580885
2025-08-13 17:00:00,89.4,48.0,169.0,607.0,13.1,16.1,29.3,75,10.5,100,0.0,2,17,8,1,135.48126533925605
2025-08-13 18:00:00,89.2,53.3,137.0,734.0,28.8,15.5,28.7,78,9.2,100,0.0,2,18,8,1,134.68451010589374
2025-08-13 19:00:00,88.9,57.9,97.0,890.0,49.1,14.8,27.9,83,6.8,100,0.0,2,19,8,1,132.6420533409068
2025-08-13 20:00:00,87.5,60.1,66.0,976.0,62.9,14.0,27.3,87,5.2,100,0.0,2,20,8,1,129.83209438632315
2025-08-13 21:00:00,84.5,59.3,53.0,937.0,64.6,13.0,27.0,88,7.1,100,0.0,2,21,8,1,125.96169304695302
2025-08-13 22:00:00,79.9,57.6,49.0,828.0,59.7,11.9,26.8,88,7.4,100,0.0,2,22,8,1,123.77521508357306
2025-08-13 23:00:00,75.7,55.3,48.0,709.0,53.8,10.8,26.7,88,7.3,100,0.0,2,23,8,1,121.95153390505631
2025-08-11 00:00:00,105.7,68.9,29.0,1033.0,68.7,14.7,30.7,81,3.7,82,0.0,0,0,8,2,125.39173380039948
2025-08-11 01:00:00,103.8,65.7,30.0,891.0,57.4,12.7,30.4,81,3.7,69,0.0,0,1,8,2,124.25152074590763
2025-08-11 02:00:00,102.2,62.2,31.0,767.0,48.2,11.0,30.2,83,3.7,73,0.0,0,2,8,2,122.6029098571391
2025-08-11 03:00:00,102.0,59.1,27.0,633.0,43.9,9.8,29.9,85,3.9,84,0.0,0,3,8,2,119.9788711940641
2025-08-11 04:00:00,105.0,57.0,22.0,518.0,41.8,8.8,29.6,86,5.2,93,0.1,0,4,8,2,117.35076947727643
2025-08-11 05:00:00,107.3,57.7,23.0,498.0,39.3,8.4,29.8,84,3.4,67,0.1,0,5,8,2,119.78748085649997
2025-08-11 06:00:00,104.5,60.1,32.0,672.0,35.9,8.7,29.7,85,1.9,90,0.0,0,6,8,2,125.7974200108361
2025-08-11 07:00:00,109.7,62.2,47.0,941.0,32.1,9.5,30.2,83,1.9,100,0.0,0,7,8,2,132.56140884297525
2025-08-11 08:00:00,124.8,60.8,72.0,1085.0,27.6,10.6,31.0,79,3.3,100,0.0,0,8,8,2,138.51718553435353
2025-08-11 09:00:00,142.0,61.9,117.0,976.0,21.4,12.5,32.3,73,4.1,100,0.0,0,9,8,2,148.55013174738207
2025-08-11 10:00:00,153.2,64.0,172.0,741.0,14.5,14.7,33.5,64,4.0,100,0.0,0,10,8,2,160.72279180551618
2025-08-11 11:00:00,158.3,63.8,213.0,543.0,9.1,16.0,35.2,57,4.1,83,0.0,0,11,8,2,167.1047906501941
2025-08-11 12:00:00,153.2,60.3,230.0,437.0,6.4,15.5,36.4,51,5.9,100,0.0,0,12,8,2,165.84689612658195
2025-08-11 13:00:00,141.6,55.1,233.0,368.0,5.2,14.0,37.1,46,6.5,100,0.0,0,13,8,2,161.63258588185514
2025-08-11 14:00:00,130.4,50.8,230.0,333.0,5.0,12.7,37.6,44,5.6,100,0.0,0,14,8,2,157.6911362947638
2025-08-11 15:00:00,121.5,48.0,224.0,342.0,4.5,12.1,37.7,42,5.2,100,0.0,0,15,8,2,154.54168250722714
2025-08-11 16:00:00,114.1,45.5,211.0,385.0,4.9,11.6,37.8,42,5.9,100,0.0,0,16,8,2,149.50459650821873
2025-08-11 17:00:00,106.6,43.2,191.0,436.0,8.8,11.4,37.4,42,6.9,100,0.0,0,17,8,2,143.4848270959873
2025-08-11 18:00:00,97.3,41.7,157.0,497.0,19.7,11.3,36.5,46,5.7,100,0.0,0,18,8,2,136.27912990790387
2025-08-11 19:00:00,95.5,49.0,115.0,565.0,34.1,11.5,34.9,53,4.7,100,0.0,0,19,8,2,134.36931349054046
2025-08-11 20:00:00,92.9,57.5,83.0,608.0,43.9,11.8,34.0,57,4.5,100,0.0,0,20,8,2,133.90704516242928
2025-08-11 21:00:00,94.8,61.5,69.0,610.0,44.4,12.4,33.2,60,4.6,100,0.0,0,21,8,2,134.51947744892908
2025-08-11 22:00:00,95.7,62.6,65.0,587.0,40.3,13.2,32.5,63,5.0,100,0.0,0,22,8,2,134.81550541438438
2025-08-11 23:00:00,96.2,62.6,60.0,549.0,37.1,13.9,31.8,67,4.3,100,0.0,0,23,8,2,134.6376495497359
2025-08-12 00:00:00,96.4,62.6,52.0,490.0,36.9,14.4,31.0,73,5.2,100,0.0,1,0,8,2,122.00732756447107
2025-08-12 01:00:00,97.6,63.3,44.0,418.0,37.5,14.7,30.4,78,5.8,100,0.0,1,1,8,2,120.68464777935557
2025-08-12 02:00:00,99.4,64.3,37.0,363.0,38.3,14.8,30.1,81,4.8,100,0.0,1,2,8,2,120.74967799129416
2025-08-12 03:00:00,101.7,64.7,28.0,320.0,39.5,14.4,29.9,81,2.7,100,0.0,1,3,8,2,121.155005270203
2025-08-12 04:00:00,102.7,65.0,20.0,295.0,40.9,13.8,29.8,81,2.4,100,0.0,1,4,8,2,120.59612420620292
2025-08-12 05:00:00,102.2,65.2,18.0,337.0,41.0,13.4,29.7,81,1.4,100,0.0,1,5,8,2,121.93147595507733
2025-08-12 06:00:00,100.4,65.7,25.0,526.0,39.2,13.6,29.8,79,1.6,100,0.0,1,6,8,2,125.23889489159511
2025-08-12 07:00:00,101.7,66.6,38.0,782.0,36.1,14.0,30.2,74,2.9,100,0.0,1,7,8,2,130.09741163171796
2025-08-12 08:00:00,114.8,62.9,61.0,918.0,31.7,14.3,30.7,69,3.2,100,0.0,1,8,8,2,135.44412374216418
2025-08-12 09:00:00,127.1,61.5,101.0,814.0,25.0,14.2,31.1,67,3.3,100,0.0,1,9,8,2,144.62934107953552
2025-08-12 10:00:00,129.5,59.4,151.0,590.0,17.1,13.9,31.8,63,2.8,100,0.0,1,10,8,2,153.8062990629903
2025-08-12 11:00:00,114.8,52.2,186.0,419.0,11.0,13.4,32.7,60,1.9,100,0.0,1,11,8,2,154.45064299723566
2025-08-12 12:00:00,95.5,44.2,196.0,370.0,7.9,12.6,33.4,57,1.3,100,0.0,1,12,8,2,149.37566219953447
2025-08-12 13:00:00,82.2,39.1,193.0,374.0,6.7,11.5,34.1,56,3.5,100,0.0,1,13,8,2,142.6002645987932
2025-08-12 14:00:00,76.1,35.6,185.0,399.0,6.4,10.6,34.9,54,6.4,100,0.0,1,14,8,2,136.15587054454167
2025-08-12 15:00:00,76.6,34.5,177.0,440.0,6.4,9.9,35.4,53,8.6,100,0.0,1,15,8,2,132.84474788888184
2025-08-12 16:00:00,80.6,35.0,165.0,503.0,7.5,9.4,34.9,55,10.7,98,0.0,1,16,8,2,131.43029894848974
2025-08-12 17:00:00,87.8,37.3,150.0,568.0,10.7,9.1,34.1,54,10.5,95,0.0,1,17,8,2,132.8825272214181
2025-08-12 18:00:00,95.9,41.0,128.0,644.0,18.0,9.2,32.8,63,10.2,100,0.0,1,18,8,2,133.5137921424529
2025-08-12 19:00:00,98.3,47.3,102.0,724.0,27.6,9.6,31.9,66,9.0,94,0.0,1,19,8,2,134.53945205249917
2025-08-12 20:00:00,100.8,53.3,81.0,766.0,34.7,9.9,31.2,65,6.8,100,0.0,1,20,8,2,136.95880514053732
2025-08-12 21:00:00,107.3,56.9,68.0,748.0,37.4,9.9,30.5,69,6.1,99,0.0,1,21,8,2,138.54938026079566
2025-08-12 22:00:00,114.1,60.8,59.0,693.0,37.7,9.8,30.0,73,5.6,97,0.0,1,22,8,2,140.64331230482486
2025-08-12 23:00:00,120.1,65.4,52.0,628.0,37.0,9.7,29.5,78,5.8,89,0.0,1,23,8,2,142.96675574614824
2025-08-13 00:00:00,126.2,68.7,48.0,553.0,35.3,9.7,29.2,81,5.8,97,0.0,2,0,8,2,134.2819432350391
2025-08-13 01:00:00,129.9,70.5,46.0,469.0,32.7,9.8,29.0,83,6.0,93,0.0,2,1,8,2,135.25250668788397
2025-08-13 02:00:00,128.1,70.8,44.0,407.0,30.8,9.9,28.9,84,5.2,93,0.0,2,2,8,2,135.26869007965183
2025-08-13 03:00:00,123.4,70.1,40.0,364.0,30.2,10.0,28.8,84,5.9,96,0.0,2,3,8,2,133.18547432901656
2025-08-13 04:00:00,115.5,68.0,35.0,343.0,30.3,10.0,28.7,83,4.4,96,0.0,2,4,8,2,131.1739720923774
2025-08-13 05:00:00,104.1,64.5,33.0,389.0,30.7,10.3,28.6,83,4.4,97,0.0,2,5,8,2,127.86735801233934
2025-08-13 06:00:00,94.3,61.9,33.0,565.0,32.0,10.9,28.5,83,5.3,99,0.0,2,6,8,2,126.0207987550512
2025-08-13 07:00:00,92.4,61.5,35.0,808.0,33.6,11.7,28.6,81,5.3,99,0.0,2,7,8,2,127.78868171639968
2025-08-13 08:00:00,102.2,58.1,48.0,966.0,32.8,12.3,28.9,78,4.8,100,0.0,2,8,8,2,131.21626767589558
2025-08-13 09:00:00,126.7,58.4,79.0,961.0,27.4,12.9,29.2,77,5.4,100,0.0,2,9,8,2,140.9985306799416
2025-08-13 10:00:00,146.7,60.1,121.0,872.0,19.7,13.3,29.6,76,4.3,96,0.0,2,10,8,2,154.01390627548773
2025-08-13 11:00:00,151.8,60.5,153.0,786.0,13.2,13.2,30.3,74,5.7,95,0.0,2,11,8,2,160.5035911490163
2025-08-13 12:00:00,149.5,58.0,169.0,725.0,9.3,12.1,31.0,72,4.3,95,0.0,2,12,8,2,162.88364965583241
2025-08-13 13:00:00,144.8,54.2,176.0,667.0,6.6,10.4,32.4,66,4.2,94,0.0,2,13,8,2,160.94140703674412
2025-08-13 14:00:00,139.2,52.2,179.0,640.0,5.2,9.1,33.2,61,3.6,100,0.0,2,14,8,2,160.2415848447818
2025-08-13 15:00:00,134.6,50.3,179.0,620.0,4.7,8.7,33.7,57,2.1,100,0.0,2,15,8,2,159.50269727027165
2025-08-13 16:00:00,131.3,49.1,174.0,632.0,5.5,8.8,33.8,57,2.7,99,0.0,2,16,8,2,157.19049194866528
2025-08-13 17:00:00,125.3,47.4,162.0,772.0,8.6,9.0,33.7,56,1.4,99,0.0,2,17,8,2,154.9679012757745
2025-08-13 18:00:00,122.5,47.4,139.0,1210.0,15.9,9.3,33.4,58,1.9,97,0.0,2,18,8,2,152.70200061618254
2025-08-13 19:00:00,117.1,53.4,110.0,1777.0,25.6,9.7,32.4,65,3.2,97,0.0,2,19,8,2,153.55672291183603
2025-08-13 20:00:00,112.0,58.6,84.0,2066.0,32.9,9.9,31.5,70,3.1,87,0.0,2,20,8,2,153.6451376708547
2025-08-13 21:00:00,116.9,60.5,66.0,1818.0,35.7,9.8,30.9,74,3.6,86,0.0,2,21,8,2,150.39968900721573
2025-08-13 22:00:00,124.8,61.9,53.0,1293.0,36.1,9.6,30.5,76,2.8,87,0.0,2,22,8,2,147.1183996932076
2025-08-13 23:00:00,130.4,63.6,43.0,858.0,35.7,9.3,30.2,78,2.6,90,0.0,2,23,8,2,144.6025041020176
